# x0,x1,x2,x3,x4,x5,x6,x7,x8,x9,x10,x11,x12,r, rs, y0, y1, y2, y3, actual_r, actual_p, actual_y, desired_r, desired_p, desired_y, rpm0, rpm1, rpm2, rpm3
20.6640625,-1.505919337272644,-6.135601043701172,-16.195241928100586,1.5128413438796997,25.802127838134766,-1.1048564910888672,0.1139230728149414,6.758607864379883,-0.07100621610879898,-0.31068724393844604,0.007796174380928278,0.1478658765554428,0.8857470676271612,{"closeness": 0.8857470676271612},0.37162545323371887,0.5155608169734478,0.5203727055341005,0.5310324989259243,-16.195241928100586,1.5128413438796997,25.802127838134766,4.468820571899414,0.006922006607055664,19.666526794433594,1.0,1.0,1.0,1.0
21.47515869140625,0.7049530744552612,-9.514619827270508,-17.006338119506836,-0.6990199685096741,29.1811466217041,-0.81109619140625,-2.2118613719940186,3.379018783569336,-0.25674909353256226,0.0311216339468956,0.040745411068201065,0.0620649978518486,0.8737047719998736,{"closeness": 0.8737047719998736},0.3597673326730728,0.5164896976202726,0.6536293625831604,0.5009299505618401,-17.006338119506836,-0.6990199685096741,29.1811466217041,4.468820571899414,0.005933105945587158,19.666526794433594,1.0,1.0,1.0,1.0
22.315654754638672,0.7540819644927979,-11.085182189941406,-17.84683609008789,-0.7491376996040344,30.751708984375,-0.8404979705810547,-0.05011773109436035,1.5705623626708984,-0.28046533465385437,0.03297939524054527,0.3072587251663208,0.0018599011236801744,0.8651842194386121,{"closeness": 0.8651842194386121},0.31887567043304443,0.5149722369387746,0.5564422868192196,0.4954836145043373,-17.84683609008789,-0.7491376996040344,30.751708984375,4.468818664550781,0.004944264888763428,19.666526794433594,1.0,1.0,1.0,1.0
21.329601287841797,1.6090331077575684,-11.360605239868164,-16.860782623291016,-1.6050777435302734,31.027132034301758,0.986053466796875,-0.855940043926239,0.2754230499267578,-0.36224865913391113,0.02994447387754917,0.11288457363843918,-0.009032770991325378,0.8638404293666366,{"closeness": 0.8638404293666366},0.298846572637558,0.5147664938122034,0.5815668404102325,0.4941973127424717,-16.860782623291016,-1.6050777435302734,31.027132034301758,4.468818664550781,0.003955364227294922,19.666526794433594,1.0,1.0,1.0,1.0
19.883094787597656,-0.15618161857128143,-10.111482620239258,-15.414274215698242,0.15914814174175262,29.77800941467285,1.4465084075927734,1.7642258405685425,-1.2491226196289062,-0.40230685472488403,0.029532987624406815,0.1631336808204651,-0.01160537451505661,0.8789249573597009,{"closeness": 0.8789249573597009},0.2529281824827194,0.5149302436038852,0.5502948760986328,0.5179938487708569,-15.414274215698242,0.15914814174175262,29.77800941467285,4.468820571899414,0.0029665231704711914,19.666526794433594,1.0,1.0,1.0,1.0
19.795007705688477,-1.5835633277893066,-8.87704849243164,-15.326188087463379,1.585541009902954,28.543575286865234,0.08808612823486328,1.426392912864685,-1.2344341278076172,-0.49414363503456116,0.029860487207770348,0.10058975219726562,0.035987697541713715,0.8778614698025509,{"closeness": 0.8778614698025509},0.2659876048564911,0.5150399673730135,0.5397178418934345,0.5280701760202646,-15.326188087463379,1.585541009902954,28.543575286865234,4.468819618225098,0.001977682113647461,19.666526794433594,1.0,1.0,1.0,1.0
20.291236877441406,-2.1444168090820312,-6.197084426879883,-15.822416305541992,2.1461966037750244,25.863611221313477,-0.4962282180786133,0.5606555938720703,-2.679964065551758,-0.4680247902870178,0.030079934746026993,0.07943568378686905,0.05614035204052925,0.8841022154759529,{"closeness": 0.8841022154759529},0.3094622641801834,0.5151686090976,0.5356565713882446,0.5079623246565461,-15.822416305541992,2.1461966037750244,25.863611221313477,4.468820571899414,0.001779794692993164,19.666526794433594,1.0,1.0,1.0,1.0
20.99844741821289,-1.4741933345794678,-1.7296428680419922,-16.52962875366211,1.4757754802703857,21.396169662475586,-0.7072124481201172,-0.6704211235046387,-4.467441558837891,-0.3810754716396332,0.030337218195199966,0.07131314277648926,0.015924649313092232,0.9025488879400019,{"closeness": 0.9025488879400019},0.3886870667338371,0.5153088793158531,0.533212274312973,0.5131680648773909,-16.52962875366211,1.4757754802703857,21.396169662475586,4.468818664550781,0.0015821456909179688,19.666526794433594,1.0,1.0,1.0,1.0
20.405765533447266,0.017290964722633362,4.344708442687988,-15.936946868896484,-0.015906592831015587,15.321818351745605,0.592681884765625,-1.4916820526123047,-6.0743513107299805,-0.22262586653232574,0.030617758631706238,0.06642454862594604,0.026336129754781723,0.8999413533936959,{"closeness": 0.8999413533936959},0.46335361525416374,0.14633876085281372,0.545625101774931,0.5302677061408758,-15.936946868896484,-0.015906592831015587,15.321818351745605,4.468818664550781,0.001384371891617775,19.666526794433594,1.0,1.0,1.0,1.0
18.33810806274414,-0.12230049073696136,8.794402122497559,-13.869287490844727,0.12348709255456924,10.872124671936035,2.067659378051758,0.13939368724822998,-4.44969367980957,-0.07329276949167252,-0.7073224782943726,0.09125020354986191,0.06053541228175163,0.8890608821212471,{"closeness": 0.8890608821212471},0.49799739150330424,0.5154503602534533,0.504266866017133,0.5914085060358047,-13.869287490844727,0.12348709255456924,10.872124671936035,4.468820571899414,0.0011866018176078796,19.666526794433594,1.0,1.0,1.0,1.0
14.755820274353027,0.677067220211029,10.443657875061035,-10.28700065612793,-0.6760783791542053,9.222868919372559,3.582286834716797,-0.7995654940605164,-1.6492557525634766,-0.004005216993391514,0.03090072050690651,0.008533732034265995,0.1828170120716095,0.8928628489285615,{"closeness": 0.8928628489285615},0.6349863409996033,0.4707519691437483,0.3851954936981201,0.4869225239381194,-10.28700065612793,-0.6760783791542053,9.222868919372559,4.468819618225098,0.0009888410568237305,19.666526794433594,1.0,1.0,1.0,1.0
11.684635162353516,0.9968953132629395,10.8931884765625,-7.215816020965576,-0.9961042404174805,8.773338317871094,3.0711846351623535,-0.32002586126327515,-0.44953060150146484,0.26997268199920654,-0.05849606171250343,-0.22960901260375977,-0.026154952123761177,0.9008811053992719,{"closeness": 0.9008811053992719},0.6337886303663254,0.5204683393239975,0.36873994767665863,0.488837294280529,-7.215816020965576,-0.9961042404174805,8.773338317871094,4.4688191413879395,0.0007910728454589844,19.666526794433594,1.0,1.0,1.0,1.0
9.594088554382324,2.9955432415008545,12.62494945526123,-5.125268936157227,-2.994840145111084,7.041577339172363,2.0905470848083496,-1.9987359046936035,-1.7317609786987305,0.26757726073265076,0.040936678647994995,-0.26252010464668274,-0.022325411438941956,0.8939953326289354,{"closeness": 0.8939953326289354},0.6322436034679413,0.10567140579223633,0.47138649597764015,0.5323393121361732,-5.125268936157227,-2.994840145111084,7.041577339172363,4.468819618225098,0.0007030963897705078,19.666526794433594,1.0,1.0,1.0,1.0
8.67148208618164,4.3561835289001465,13.295825958251953,-4.202662467956543,-4.3555684089660645,6.370700836181641,0.9226064682006836,-1.3607282638549805,-0.6708765029907227,0.26448720693588257,-0.7886571884155273,-0.057227008044719696,0.0646786242723465,0.8895673192170584,{"closeness": 0.8895673192170584},0.5988582670688629,0.1231650710105896,0.4954880806617439,0.547689113765955,-4.202662467956543,-4.3555684089660645,6.370700836181641,4.468819618225098,0.0006151199340820312,19.666526794433594,1.0,1.0,1.0,1.0
6.3774003982543945,6.540653228759766,13.995973587036133,-1.908581018447876,-6.540125846862793,5.670552730560303,2.294081449508667,-2.1845574378967285,-0.7001481056213379,0.19771653413772583,-0.7536698579788208,-0.009023838676512241,0.09537822753190994,0.8872776423386682,{"closeness": 0.8872776423386682},0.6790960878133774,0.10411757230758667,0.45815951004624367,0.5037683877162635,-1.908581018447876,-6.540125846862793,5.670552730560303,4.4688193798065186,0.0005273818969726562,19.666526317596436,1.0,1.0,1.0,1.0
3.9490602016448975,6.03498649597168,12.096147537231445,0.5197594165802002,-6.034546852111816,7.57037878036499,2.428340435028076,0.5055789947509766,1.8998260498046875,0.35819217562675476,-0.7917648553848267,-0.08368097990751266,0.007536775432527065,0.9057501264847758,{"closeness": 0.9057501264847758},0.6777206510305405,0.5217540860176086,0.34226375818252563,0.44445886090397835,0.5197594165802002,-6.034546852111816,7.57037878036499,4.468819618225098,0.00043964385986328125,19.666526317596436,1.0,1.0,1.0,1.0
0.8851852416992188,6.582178592681885,6.642183303833008,3.583634376525879,-6.581827163696289,13.024343490600586,3.0638749599456787,-0.5472803115844727,5.453964710235596,0.35544130206108093,0.043508172035217285,-0.31547248363494873,-0.1110822781920433,0.9376649568394733,{"closeness": 0.9376649568394733},0.6704559475183487,0.5203938987106085,0.40491223335266113,0.39567645639181137,3.583634376525879,-6.581827163696289,13.024343490600586,4.468819618225098,0.0003514289855957031,19.666526794433594,1.0,1.0,1.0,1.0
-0.8896484375,5.420825481414795,0.7887020111083984,5.358468055725098,-5.420561790466309,18.877824783325195,1.7748336791992188,1.1612653732299805,5.853481292724609,0.3409118950366974,0.040787797421216965,-0.19017553329467773,-0.20864708721637726,0.9677251373335569,{"closeness": 0.9677251373335569},0.5682592466473579,0.5179524216800928,0.4370647966861725,0.4802602846175432,5.358468055725098,-5.420561790466309,18.877824783325195,4.468819618225098,0.0002636909484863281,19.666526794433594,1.0,1.0,1.0,1.0
-3.445960521697998,8.047819137573242,-5.039583206176758,7.914780139923096,-8.047643661499023,24.70611000061035,2.556312084197998,-2.627081871032715,5.828285217285156,0.13651849329471588,0.03590484336018562,-0.12587040662765503,-0.03947943076491356,0.9273101353725735,{"closeness": 0.9273101353725735},0.5751751214265823,0.5171824302524328,0.4915168387815356,0.38391973823308945,7.914780139923096,-8.047643661499023,24.70611000061035,4.468819618225098,0.00017547607421875,19.666526794433594,1.0,1.0,1.0,1.0
-3.88857364654541,8.11318588256836,-8.319192886352539,8.357393264770508,-8.113027572631836,27.985719680786133,0.4426131248474121,-0.0653839111328125,3.2796096801757812,0.15035024285316467,0.034364860504865646,-0.01696632243692875,-0.2321605235338211,0.9120978407299528,{"closeness": 0.9120978407299528},0.5029750191606581,0.5145375253632665,0.5108662415295839,0.46843525394797325,8.357393264770508,-8.113027572631836,27.985719680786133,4.468819618225098,0.0001583099365234375,19.666526794433594,1.0,1.0,1.0,1.0
-6.251033782958984,9.31851863861084,-8.966632843017578,10.719853401184082,-9.318378448486328,28.633159637451172,2.362460136413574,-1.2053508758544922,0.6474399566650391,0.005950038321316242,0.029075050726532936,0.021732483059167862,-0.0631294921040535,0.8955229559898943,{"closeness": 0.8955229559898943},0.5509456433355808,0.5162906143814325,0.4931010212749243,0.34593698382377625,10.719853401184082,-9.318378448486328,28.633159637451172,4.468819618225098,0.00014019012451171875,19.666526794433594,1.0,1.0,1.0,1.0
-7.955142021179199,8.409808158874512,-8.188436508178711,12.423961639404297,-8.409685134887695,27.854963302612305,1.7041082382202148,0.9086933135986328,-0.7781963348388672,0.10189128667116165,0.032581228762865067,-0.013797957450151443,-0.3081260323524475,0.8953210820967227,{"closeness": 0.8953210820967227},0.547489058226347,0.5581751465797424,0.482958996668458,0.37727732956409454,12.423961639404297,-8.409685134887695,27.854963302612305,4.468819618225098,0.00012302398681640625,19.666526794433594,1.0,1.0,1.0,1.0
-10.333063125610352,8.12177848815918,-8.07115364074707,14.80188274383545,-8.121672630310059,27.737680435180664,2.3779211044311523,0.2880125045776367,-0.11728286743164062,0.09497811645269394,0.11635029315948486,-0.03408200666308403,-0.2454453408718109,0.8879306037358544,{"closeness": 0.8879306037358544},0.5686717554926872,0.5322088487446308,0.49160145968198776,0.3208993673324585,14.80188274383545,-8.121672630310059,27.737680435180664,4.468819618225098,0.00010585784912109375,19.666526794433594,1.0,1.0,1.0,1.0
-10.118419647216797,6.991270065307617,-8.161022186279297,14.587239265441895,-6.991182327270508,27.82754898071289,-0.2146434783935547,1.1304903030395508,0.08986854553222656,0.13734351098537445,0.06441769748926163,-0.016797080636024475,-0.358201265335083,0.8927092000150377,{"closeness": 0.8927092000150377},0.5420690961182117,0.515408025123179,0.46649134531617165,0.4217190146446228,14.587239265441895,-6.991182327270508,27.82754898071289,4.468819618225098,8.7738037109375e-05,19.666526794433594,1.0,1.0,1.0,1.0
-9.864618301391602,7.193858623504639,-9.54780387878418,14.3334379196167,-7.193788528442383,29.214330673217773,-0.2538013458251953,-0.202606201171875,1.3867816925048828,0.08413819223642349,0.030816050246357918,-0.06701730936765671,-0.1565619707107544,0.8876523729125433,{"closeness": 0.8876523729125433},0.5393180996179581,0.5149176567792892,0.48800426814705133,0.4328272044658661,14.3334379196167,-7.193788528442383,29.214330673217773,4.468819618225098,7.009506225585938e-05,19.666526794433594,1.0,1.0,1.0,1.0
-10.227560997009277,7.075108051300049,-8.46340560913086,14.696380615234375,-7.075055122375488,28.129932403564453,0.3629426956176758,0.11873340606689453,-1.0843982696533203,0.07863619923591614,0.02983531355857849,-0.02399146370589733,-0.13434559106826782,0.8908332353572904,{"closeness": 0.8908332353572904},0.5445090569555759,0.5153398653492332,0.481776287779212,0.4179742932319641,14.696380615234375,-7.075055122375488,28.129932403564453,4.468819618225098,5.2928924560546875e-05,19.666526794433594,1.0,1.0,1.0,1.0
-10.908095359802246,6.831607818603516,-6.252906799316406,15.376914978027344,-6.831560134887695,25.91943359375,0.6805343627929688,0.24349498748779297,-2.210498809814453,0.08901811391115189,0.0306797306984663,-0.036447424441576004,-0.16405141353607178,0.8977772699062849,{"closeness": 0.8977772699062849},0.5592772327363491,0.5157492160797119,0.4762068670243025,0.4114426374435425,15.376914978027344,-6.831560134887695,25.91943359375,4.468819618225098,4.76837158203125e-05,19.666526794433594,1.0,1.0,1.0,1.0
-12.378067970275879,7.850411891937256,-4.962732315063477,16.846887588500977,-7.850369930267334,24.62925910949707,1.4699726104736328,-1.0188097953796387,-1.2901744842529297,0.11855446547269821,0.03149843215942383,-0.047586265951395035,-0.17711472511291504,0.8935634546136935,{"closeness": 0.8935634546136935},0.5718272551894188,0.5159585140645504,0.49102682061493397,0.37957437336444855,16.846887588500977,-7.850369930267334,24.62925910949707,4.468819618225098,4.1961669921875e-05,19.666526794433594,1.0,1.0,1.0,1.0
-12.639185905456543,7.470648765563965,-2.4454116821289062,17.10800552368164,-7.470612049102783,22.1119384765625,0.26111793518066406,0.3797578811645508,-2.5173206329345703,0.14365451037883759,0.0319170281291008,-0.017946358770132065,-0.2408512532711029,0.9043155610953397,{"closeness": 0.9043155610953397},0.5991625115275383,0.51608114130795,0.46127913892269135,0.4127912223339081,17.10800552368164,-7.470612049102783,22.1119384765625,4.468819618225098,3.6716461181640625e-05,19.666526794433594,1.0,1.0,1.0,1.0
-11.467805862426758,7.0996270179748535,-1.7314300537109375,15.936625480651855,-7.099595546722412,21.39795684814453,-1.1713800430297852,0.3710165023803711,-0.7139816284179688,0.1983250230550766,0.03216228261590004,-0.07744172215461731,-0.17441755533218384,0.9130939067938019,{"closeness": 0.9130939067938019},0.5953110456466675,0.5154118807986379,0.4575341008603573,0.4406653977930546,15.936625480651855,-7.099595546722412,21.39795684814453,4.468819618225098,3.147125244140625e-05,19.666526794433594,1.0,1.0,1.0,1.0
-9.22360897064209,6.779441833496094,-2.2848129272460938,13.692428588867188,-6.779415607452393,21.951339721679688,-2.244196891784668,0.32017993927001953,0.5533828735351562,0.19062209129333496,0.030823761597275734,-0.08493179827928543,-0.11866920441389084,0.9205537719592547,{"closeness": 0.9205537719592547},0.5733509883284569,0.5150610245764256,0.4643087685108185,0.4610477425158024,13.692428588867188,-6.779415607452393,21.951339721679688,4.468819618225098,2.6226043701171875e-05,19.666526794433594,1.0,1.0,1.0,1.0
-8.156012535095215,6.0170087814331055,-2.6066341400146484,12.624832153320312,-6.0169878005981445,22.273160934448242,-1.067596435546875,0.762427806854248,0.3218212127685547,0.14670197665691376,0.030122049152851105,-0.07138246297836304,-0.07790451496839523,0.9264348459261549,{"closeness": 0.9264348459261549},0.5648735240101814,0.5150073869153857,0.46970569528639317,0.45875514298677444,12.624832153320312,-6.0169878005981445,22.273160934448242,4.468819618225098,2.09808349609375e-05,19.666526794433594,1.0,1.0,1.0,1.0
-6.3657684326171875,3.4262423515319824,-1.6281089782714844,10.834588050842285,-3.4262235164642334,20.838354110717773,-1.7902441024780273,2.590764284133911,-1.4348068237304688,0.12974704802036285,0.030014773830771446,-0.06058860942721367,-0.08248971402645111,0.9487538142972521,{"closeness": 0.9487538142972521},0.48058459162712097,0.514710022136569,0.4561414606869221,0.48677476216107607,10.834588050842285,-3.4262235164642334,20.838354110717773,4.468819618225098,1.8835067749023438e-05,19.21024513244629,1.0,1.0,1.0,1.0
-6.5154266357421875,2.72859787940979,0.07863807678222656,10.984246253967285,-2.728581428527832,19.131607055664062,0.149658203125,0.6976420879364014,-1.706747055053711,-0.03883081674575806,0.029420044273138046,-0.08771707862615585,-0.026450475677847862,0.958115977761143,{"closeness": 0.958115977761143},0.5572003312408924,0.5156435742974281,0.4689628779888153,0.4655134789645672,10.984246253967285,-2.728581428527832,19.131607055664062,4.468819618225098,1.6450881958007812e-05,19.21024513244629,1.0,1.0,1.0,1.0
-5.056009292602539,1.1179413795471191,2.2825260162353516,9.524828910827637,-1.1179273128509521,16.927719116210938,-1.4594173431396484,1.6106541156768799,-2.203887939453125,0.11440066248178482,0.03128714859485626,-0.062074244022369385,-0.06897304207086563,0.9615356353866622,{"closeness": 0.9615356353866622},0.5389583110809326,0.514090608805418,0.4640371836721897,0.49650227022357285,9.524828910827637,-1.1179273128509521,16.927719116210938,4.468819618225098,1.4066696166992188e-05,19.21024513244629,1.0,1.0,1.0,1.0
-2.658092498779297,1.1702898740768433,2.3545398712158203,7.1269121170043945,-1.1702781915664673,16.85570526123047,-2.397916793823242,-0.05235087871551514,-0.07201385498046875,0.07791662216186523,0.02818121761083603,-0.07192563265562057,-0.0069954595528542995,0.9714382561706888,{"closeness": 0.9714382561706888},0.5365673713386059,0.5140875866636634,0.4896093746647239,0.5003756023361348,7.1269121170043945,-1.1702781915664673,16.85570526123047,4.468819618225098,1.1682510375976562e-05,19.21024513244629,1.0,1.0,1.0,1.0
-0.015064239501953125,0.6075865626335144,-0.09768295288085938,4.483883857727051,-0.6075772047042847,19.30792808532715,-2.6430282592773438,0.5627009868621826,2.4522228240966797,0.07313474267721176,0.028175173327326775,-0.020781250670552254,0.0007512046722695231,0.9965884880323184,{"closeness": 0.9965884880323184},0.49340670043602586,0.5141356661915779,0.4893230414018035,0.5587723851203918,4.483883857727051,-0.6075772047042847,19.30792808532715,4.468819618225098,9.357929229736328e-06,19.21024513244629,1.0,1.0,1.0,1.0
1.380387306213379,-0.14847618341445923,-1.7302799224853516,3.0884323120117188,0.14848321676254272,20.94052505493164,-1.395451545715332,0.7560604214668274,1.6325969696044922,-0.013186599127948284,0.028271332383155823,-0.021353917196393013,0.11754477024078369,0.9847624594274449,{"closeness": 0.9847624594274449},0.47980763018131256,0.5144699374213815,0.4903365708887577,0.5025198655202985,3.0884323120117188,0.14848321676254272,20.94052505493164,4.468819618225098,7.033348083496094e-06,19.21024513244629,1.0,1.0,1.0,1.0
2.444256067276001,-1.1193575859069824,-1.9860897064208984,2.0245635509490967,1.119362235069275,21.196334838867188,-1.063868761062622,0.9708790183067322,0.2558097839355469,-0.04038473963737488,0.028939874842762947,-0.01932685822248459,0.005039731040596962,0.974281788988884,{"closeness": 0.974281788988884},0.4660596251487732,0.5145649453625083,0.49045034497976303,0.5037078438326716,2.0245635509490967,1.119362235069275,21.196334838867188,4.468819618225098,4.649162292480469e-06,19.21024513244629,1.0,1.0,1.0,1.0
3.8641812801361084,-2.0100157260894775,-1.0663433074951172,0.604638397693634,2.0100200176239014,20.276588439941406,-1.4199252128601074,0.8906577825546265,-0.9197463989257812,-0.06788074970245361,0.029129890725016594,-0.019099310040473938,0.007415687665343285,0.9681317254884382,{"closeness": 0.9681317254884382},0.45562414452433586,0.5145582789555192,0.49133267626166344,0.5053139002993703,0.604638397693634,2.0100200176239014,20.276588439941406,4.468819677829742,4.291534423828125e-06,19.21024513244629,1.0,1.0,1.0,1.0
5.680550575256348,-2.5726308822631836,0.9830093383789062,-1.2117310762405396,2.572634696960449,18.227235794067383,-1.8163695335388184,0.5626146793365479,-2.0493526458740234,-0.08875171095132828,0.0291165579110384,-0.017334647476673126,0.010627800598740578,0.9582103425523256,{"closeness": 0.9582103425523256},0.46476253494620323,0.5144861713051796,0.49345176108181477,0.5188068114221096,-1.2117310762405396,2.572634696960449,18.227235794067383,4.468819499015808,3.814697265625e-06,19.21024513244629,1.0,1.0,1.0,1.0
8.617303848266602,-2.5333800315856934,1.872884750366211,-4.148484230041504,2.533383369445801,17.337360382080078,-2.936753273010254,-0.03925132751464844,-0.8898754119873047,-0.07047493010759354,0.028972342610359192,-0.013096477836370468,0.03761362284421921,0.9423762390029274,{"closeness": 0.9423762390029274},0.476817037910223,0.484405224211514,0.49581039091572165,0.5935528725385666,-4.148484230041504,2.533383369445801,17.337360382080078,4.468819618225098,3.337860107421875e-06,19.21024513244629,1.0,1.0,1.0,1.0
10.647979736328125,-1.884218692779541,0.43729591369628906,-6.1791605949401855,1.8842215538024902,18.77294921875,-2.0306763648986816,-0.6491618156433105,1.4355888366699219,-0.046365924179553986,-0.031189551576972008,-0.00837921816855669,0.18710574507713318,0.9435280125614329,{"closeness": 0.9435280125614329},0.48001313395798206,0.3661712259054184,0.5026345753576607,0.5257423240691423,-6.1791605949401855,1.8842215538024902,18.77294921875,4.4688191413879395,2.86102294921875e-06,19.21024513244629,1.0,1.0,1.0,1.0
12.40606689453125,-2.876713752746582,-0.981903076171875,-7.937246799468994,2.876716136932373,20.192148208618164,-1.7580862045288086,0.9924945831298828,1.419198989868164,-0.03997373208403587,-0.2676575481891632,0.005269150715321302,0.05148464813828468,0.9301068395946439,{"closeness": 0.9301068395946439},0.4175509810447693,0.5149739375337958,0.49405492516234517,0.5592641048133373,-7.937246799468994,2.876716136932373,20.192148208618164,4.468820095062256,2.384185791015625e-06,19.21024513244629,1.0,1.0,1.0,1.0
13.132548332214355,-2.9791781902313232,-1.2644271850585938,-8.663728713989258,2.979180097579956,20.474672317504883,-0.7264819145202637,0.10246396064758301,0.28252410888671875,-0.16489803791046143,0.029947875067591667,-0.011890149675309658,0.11852820962667465,0.9257287531103466,{"closeness": 0.9257287531103466},0.42503804713487625,0.5154171269387007,0.5047835069708526,0.5104185687378049,-8.663728713989258,2.979180097579956,20.474672317504883,4.468819618225098,1.9073486328125e-06,19.21024513244629,1.0,1.0,1.0,1.0
14.0877685546875,-4.566045761108398,-0.317230224609375,-9.618948936462402,4.566047191619873,19.527475357055664,-0.9552202224731445,1.586867094039917,-0.9471969604492188,-0.1499239057302475,0.030834253877401352,0.009567013941705227,0.02083713747560978,0.919714022124652,{"closeness": 0.919714022124652},0.3826874941587448,0.5150674860924482,0.49384582601487637,0.5860246270895004,-9.618948936462402,4.566047191619873,19.527475357055664,4.468819618225098,1.430511474609375e-06,19.21024513244629,1.0,1.0,1.0,1.0
15.725754737854004,-4.744309902191162,1.8574905395507812,-11.256935119628906,4.744311332702637,17.352754592895508,-1.637986183166504,0.17826414108276367,-2.1747207641601562,-0.23462501168251038,0.03013497218489647,-0.012308347970247269,0.17204925417900085,0.9065203127188619,{"closeness": 0.9065203127188619},0.4428393095731735,0.5150595745071769,0.49448101269081235,0.5465903803706169,-11.256935119628906,4.744311332702637,17.352754592895508,4.468819618225098,1.430511474609375e-06,19.21024513244629,1.0,1.0,1.0,1.0
17.140296936035156,-3.945694923400879,1.9875068664550781,-12.671477317810059,3.9456961154937744,17.22273826599121,-1.4145421981811523,-0.7986152172088623,-0.13001632690429688,-0.11432138085365295,0.030119149014353752,-0.011037974618375301,0.09318076074123383,0.904277418091589,{"closeness": 0.904277418091589},0.4721547495573759,0.23359617590904236,0.500678121636156,0.5407664626836777,-12.671477317810059,3.9456961154937744,17.22273826599121,4.468819618225098,1.1920928955078125e-06,19.21024513244629,1.0,1.0,1.0,1.0
18.380220413208008,-3.0995142459869385,1.4679908752441406,-13.91140079498291,3.099515199661255,17.74225425720215,-1.2399234771728516,-0.8461809158325195,0.5195159912109375,-0.055690500885248184,-0.5328076481819153,0.0013562432723119855,0.08153292536735535,0.9056721055516348,{"closeness": 0.9056721055516348},0.45499971881508827,0.24132487177848816,0.5105228228494525,0.5401282459497452,-13.91140079498291,3.099515199661255,17.74225425720215,4.468819618225098,9.5367431640625e-07,19.21024513244629,1.0,1.0,1.0,1.0
18.748722076416016,-2.393155097961426,0.39565467834472656,-14.279902458190918,2.393156051635742,18.814590454101562,-0.3685016632080078,-0.7063591480255127,1.072336196899414,-0.09000056236982346,-0.5173502564430237,0.02104564569890499,0.08025649189949036,0.9119329016860424,{"closeness": 0.9119329016860424},0.4120059311389923,0.40163908898830414,0.5283938907086849,0.5439024530351162,-14.279902458190918,2.393156051635742,18.814590454101562,4.468819618225098,9.5367431640625e-07,19.21024513244629,1.0,1.0,1.0,1.0
18.049869537353516,-1.9266257286071777,-0.6283302307128906,-13.581049919128418,1.926626443862915,19.83857536315918,0.6988525390625,-0.46652960777282715,1.0239849090576172,-0.17598813772201538,-0.19672182202339172,0.05678778141736984,0.08780490607023239,0.915304489348273,{"closeness": 0.915304489348273},0.41155368089675903,0.5154149420559406,0.5330912284553051,0.5199239049106836,-13.581049919128418,1.926626443862915,19.83857536315918,4.468819618225098,7.152557373046875e-07,19.21024513244629,1.0,1.0,1.0,1.0
18.49623680114746,-2.865875244140625,1.3993701934814453,-14.027417182922363,2.865875720977783,17.810874938964844,-0.4463672637939453,0.9392492771148682,-2.027700424194336,-0.17689263820648193,0.030829884111881256,0.0661824569106102,0.039847809821367264,0.9065329274461175,{"closeness": 0.9065329274461175},0.3849857226014137,0.5151803093031049,0.5132569586858153,0.5926522091031075,-14.027417182922363,2.865875720977783,17.810874938964844,4.468819618225098,4.76837158203125e-07,19.21024513244629,1.0,1.0,1.0,1.0
19.245464324951172,-2.8120336532592773,2.441537857055664,-14.776643753051758,2.8120341300964355,16.768707275390625,-0.7492265701293945,-0.053841590881347656,-1.0421676635742188,-0.23002855479717255,0.030360618606209755,0.02651391737163067,0.1853044182062149,0.899854683478009,{"closeness": 0.899854683478009},0.42908548563718796,0.5151054700836539,0.5127991335466504,0.5692187249660492,-14.776643753051758,2.8120341300964355,16.768707275390625,4.468820571899414,4.76837158203125e-07,19.21024513244629,1.0,1.0,1.0,1.0
19.973358154296875,-1.3559664487838745,1.7033462524414062,-15.504538536071777,1.3559669256210327,17.506898880004883,-0.7278947830200195,-1.4560672044754028,0.7381916046142578,-0.14182902872562408,0.030210940167307854,0.02559826709330082,0.1384374499320984,0.9065744832487815,{"closeness": 0.9065744832487815},0.4826689828187227,0.14941653609275818,0.52523422986269,0.554858859628439,-15.504538536071777,1.3559669256210327,17.506898880004883,4.468819618225098,4.76837158203125e-07,19.21024513244629,1.0,1.0,1.0,1.0
19.855743408203125,-0.3119819462299347,0.6008720397949219,-15.386924743652344,0.31198233366012573,18.609373092651367,0.1176137924194336,-1.0439846515655518,1.1024742126464844,-0.03466203436255455,-0.7011669278144836,0.050468459725379944,0.1097177192568779,0.9161564096486183,{"closeness": 0.9161564096486183},0.419523224234581,0.24615070223808289,0.5424718037247658,0.5335930325090885,-15.386924743652344,0.31198233366012573,18.609373092651367,4.468818664550781,3.8743019104003906e-07,19.21024513244629,1.0,1.0,1.0,1.0
18.60753059387207,1.1430619955062866,-1.5474624633789062,-14.138710975646973,-1.143061637878418,20.757707595825195,1.248213768005371,-1.4550440311431885,2.148334503173828,-0.160953551530838,-0.5076985955238342,0.08494360744953156,0.06718606501817703,0.9127788447249271,{"closeness": 0.9127788447249271},0.42527448385953903,0.5152443032711744,0.5520396679639816,0.5141429267823696,-14.138710975646973,-1.143061637878418,20.757707595825195,4.468819618225098,3.5762786865234375e-07,19.21024513244629,1.0,1.0,1.0,1.0
16.95770263671875,1.1064523458480835,-2.745138168334961,-12.488883972167969,-1.1064521074295044,21.95538330078125,1.649827003479004,0.036609530448913574,1.1976757049560547,-0.14945103228092194,0.03048860654234886,0.10407933592796326,0.028285853564739227,0.9136033696810137,{"closeness": 0.9136033696810137},0.3982600271701813,0.5151947494596243,0.5429817922413349,0.5117198806256056,-12.488883972167969,-1.1064521074295044,21.95538330078125,4.468818664550781,2.384185791015625e-07,19.21024513244629,1.0,1.0,1.0,1.0
15.83312702178955,0.19230404496192932,-0.29090309143066406,-11.364307403564453,-0.1923038512468338,19.501148223876953,1.1245765686035156,0.9141482710838318,-2.454235076904297,-0.20347994565963745,0.03038949891924858,0.08596358448266983,0.023439761251211166,0.932145100710254,{"closeness": 0.932145100710254},0.3943722993135452,0.5154705075547099,0.5204832814633846,0.5213822163641453,-11.364307403564453,-0.1923038512468338,19.501148223876953,4.468819618225098,1.9371509552001953e-07,19.21024513244629,1.0,1.0,1.0,1.0
15.01975154876709,0.8139883279800415,2.042398452758789,-10.550931930541992,-0.813988208770752,17.1678466796875,0.8133754730224609,-0.6216843724250793,-2.333301544189453,-0.21125540137290955,0.030941015109419823,0.04096656292676926,0.04276443272829056,0.9247457772186621,{"closeness": 0.9247457772186621},0.4749113116413355,0.5153067512437701,0.5271836053580046,0.5120549350976944,-10.550931930541992,-0.813988208770752,17.1678466796875,4.468819618225098,1.1920928955078125e-07,19.21024513244629,1.0,1.0,1.0,1.0
14.830458641052246,2.0642781257629395,2.886094093322754,-10.361639022827148,-2.0642781257629395,15.869236946105957,0.18929290771484375,-1.2502899169921875,-1.298609733581543,-0.050177376717329025,0.030613502487540245,0.05436721071600914,0.024109870195388794,0.9164860573066512,{"closeness": 0.9164860573066512},0.5049582584761083,0.21960732340812683,0.5269024018198252,0.514091856777668,-10.361639022827148,-2.0642781257629395,15.869236946105957,4.468819618225098,0.0,18.75533103942871,1.0,1.0,1.0,1.0
13.559646606445312,3.6018435955047607,2.97768497467041,-9.090826988220215,-3.6018435955047607,15.7776460647583,1.2708120346069336,-1.5375654697418213,-0.09159088134765625,0.009916516952216625,-0.5607853531837463,0.053804803639650345,0.028183713555336,0.9142667312736984,{"closeness": 0.9142667312736984},0.5101143484935164,0.4482153356075287,0.5363331101834774,0.507985076867044,-9.090826988220215,-3.6018435955047607,15.7776460647583,4.468819618225098,0.0,18.75533103942871,1.0,1.0,1.0,1.0
11.77775764465332,4.4877028465271,2.0905799865722656,-7.308938503265381,-4.4877028465271,16.664751052856445,1.781888484954834,-0.8858592510223389,0.8871049880981445,0.02022869698703289,-0.10356932878494263,0.0726662203669548,0.015970153734087944,0.9209412807950703,{"closeness": 0.9209412807950703},0.5117433676496148,0.5157041009515524,0.5289740208536386,0.5087235094979405,-7.308938503265381,-4.4877028465271,16.664751052856445,4.4688191413879395,0.0,18.75533103942871,1.0,1.0,1.0,1.0
9.485247611999512,3.886251926422119,1.7612571716308594,-5.016427993774414,-3.886251926422119,16.99407386779785,2.292510509490967,0.6014509201049805,0.32932281494140625,0.023486735299229622,0.03140820190310478,0.0579480417072773,0.01744701899588108,0.9336511530917415,{"closeness": 0.9336511530917415},0.497876217123121,0.5158440470695496,0.5035100600216538,0.5153004201129079,-5.016427993774414,-3.886251926422119,16.99407386779785,4.468819618225098,0.0,18.75533103942871,1.0,1.0,1.0,1.0
6.991957187652588,3.1819651126861572,4.066634178161621,-2.5231375694274902,-3.1819651126861572,14.68869686126709,2.493290424346924,0.7042868137359619,-2.3053770065307617,-0.004247565753757954,0.03168809413909912,0.007020120043307543,0.030600840225815773,0.9367147549807788,{"closeness": 0.9367147549807788},0.5437865182757378,0.517603050917387,0.4584928974509239,0.4814961738884449,-2.5231375694274902,-3.1819651126861572,14.68869686126709,4.468819618225098,0.0,18.75533103942871,1.0,1.0,1.0,1.0
5.547435283660889,3.4527194499969482,6.658742904663086,-1.0786155462265015,-3.4527194499969482,12.096588134765625,1.4445220232009888,-0.270754337310791,-2.592108726501465,0.08757303655147552,0.03520610183477402,-0.08301420509815216,-0.0370076522231102,0.9307540630513831,{"closeness": 0.9307540630513831},0.5445474237203598,0.5160498917102814,0.4938761303201318,0.5120362592861056,-1.0786155462265015,-3.4527194499969482,12.096588134765625,4.468819737434387,0.0,18.75533103942871,1.0,1.0,1.0,1.0
4.635544300079346,5.065142631530762,8.124448776245117,-0.1667248010635376,-5.065142631530762,10.630882263183594,0.9118907451629639,-1.6124231815338135,-1.4657058715820312,0.0890948474407196,0.032099783420562744,-0.012247739359736443,0.024072518572211266,0.9219507284696004,{"closeness": 0.9219507284696004},0.5747695043683052,0.22502002120018005,0.5034907115623355,0.5166873913258314,-0.1667248010635376,-5.065142631530762,10.630882263183594,4.468819499015808,0.0,18.75533103942871,1.0,1.0,1.0,1.0
2.995985507965088,6.8216471672058105,3.811748504638672,1.4728341102600098,-6.8216471672058105,11.796772956848145,1.6395589113235474,-1.7565045356750488,1.1658906936645508,0.1495390087366104,-0.5499599575996399,0.006981423124670982,0.03337478265166283,0.9392805842868309,{"closeness": 0.9392805842868309},0.5646777004003525,0.5166405197232962,0.5006007475312799,0.48028569482266903,1.4728341102600098,-6.8216471672058105,11.796772956848145,4.468819618225098,0.0,15.608521461486816,1.0,1.0,1.0,1.0
0.8744232654571533,8.041229248046875,1.663670539855957,3.5943963527679443,-8.041229248046875,13.94485092163086,2.1215622425079346,-1.2195820808410645,2.148077964782715,0.12935540080070496,0.03328103944659233,0.001201495062559843,-0.03942861035466194,0.9529288542668842,{"closeness": 0.9529288542668842},0.5827862843871117,0.5173093304038048,0.49208084400743246,0.45098499208688736,3.5943963527679443,-8.041229248046875,13.94485092163086,4.468819618225098,0.0,15.608521461486816,1.0,1.0,1.0,1.0
-1.8169140815734863,6.565316200256348,-0.48435306549072266,6.285733699798584,-6.565316200256348,16.09287452697754,2.6913373470306396,1.4759130477905273,2.1480236053466797,0.16557256877422333,0.03461866080760956,-0.01583831198513508,-0.09803001582622528,0.9600949689507169,{"closeness": 0.9600949689507169},0.6008718386292458,0.5192784797400236,0.41765519231557846,0.3825848326086998,6.285733699798584,-6.565316200256348,16.09287452697754,4.468819618225098,0.0,15.608521461486816,1.0,1.0,1.0,1.0
-4.348489761352539,6.850783824920654,-1.1824159622192383,8.817309379577637,-6.850783824920654,16.790937423706055,2.5315756797790527,-0.28546762466430664,0.6980628967285156,0.20174367725849152,0.038556959480047226,-0.16468961536884308,-0.2348303347826004,0.9447864320963446,{"closeness": 0.9447864320963446},0.5859328508377075,0.5175241008400917,0.48539721593260765,0.37202221155166626,8.817309379577637,-6.850783824920654,16.790937423706055,4.468819618225098,0.0,15.608521461486816,1.0,1.0,1.0,1.0
-5.635071754455566,6.826169490814209,0.4136838912963867,10.103891372680664,-6.826169490814209,15.19483757019043,1.2865819931030273,0.024614334106445312,-1.596099853515625,0.17186570167541504,0.03504820168018341,-0.0292055681347847,-0.2559555768966675,0.9429056038441914,{"closeness": 0.9429056038441914},0.5671700611710548,0.5164250209927559,0.4800990577787161,0.45194727182388306,10.103891372680664,-6.826169490814209,15.19483757019043,4.468819618225098,0.0,15.608521461486816,1.0,1.0,1.0,1.0
-6.522054672241211,8.232662200927734,0.7037067413330078,10.990874290466309,-8.232662200927734,14.904814720153809,0.8869829177856445,-1.4064927101135254,-0.2900228500366211,0.13434012234210968,0.03285004198551178,-0.039801884442567825,-0.09610545635223389,0.9323072649130143,{"closeness": 0.9323072649130143},0.582630455493927,0.5157226826995611,0.49340103892609477,0.4576064310967922,10.990874290466309,-8.232662200927734,14.904814720153809,4.468819618225098,0.0,15.608521461486816,1.0,1.0,1.0,1.0
-7.345645904541016,9.319396018981934,-0.2502117156982422,11.814465522766113,-9.319396018981934,15.858733177185059,0.8235912322998047,-1.0867338180541992,0.95391845703125,0.165260910987854,0.03144536539912224,-0.01319792214781046,-0.08478713780641556,0.926709761790623,{"closeness": 0.926709761790623},0.5827153474092484,0.5156906265765429,0.4897094899788499,0.4574229493737221,11.814465522766113,-9.319396018981934,15.858733177185059,4.468819618225098,0.0,15.608521461486816,1.0,1.0,1.0,1.0
-8.701666831970215,9.686088562011719,-1.7329111099243164,13.170486450195312,-9.686088562011719,17.341432571411133,1.3560209274291992,-0.36669254302978516,1.4826993942260742,0.1654306948184967,0.03138125315308571,-0.020581020042300224,-0.08515410125255585,0.9135585950640835,{"closeness": 0.9135585950640835},0.587608240544796,0.516248069703579,0.4850198104977608,0.42245566844940186,13.170486450195312,-9.686088562011719,17.341432571411133,4.468819618225098,0.0,15.608521461486816,1.0,1.0,1.0,1.0
-10.146360397338867,8.092720031738281,-3.171929359436035,14.615180015563965,-8.092720031738281,18.78045082092285,1.4446935653686523,1.5933685302734375,1.4390182495117188,0.17521648108959198,0.0324961394071579,-0.029960379004478455,-0.1550886631011963,0.9081377998647167,{"closeness": 0.9081377998647167},0.5815833210945129,0.5457803197205067,0.45794637128710747,0.39637307077646255,14.615180015563965,-8.092720031738281,18.78045082092285,4.468819618225098,0.0,15.608521461486816,1.0,1.0,1.0,1.0
-11.0392427444458,6.419879913330078,-2.9627981185913086,15.508062362670898,-6.419879913330078,18.571319580078125,0.8928823471069336,1.6728401184082031,-0.20913124084472656,0.16316664218902588,0.09156063944101334,-0.08410725742578506,-0.2072538584470749,0.9122145003047063,{"closeness": 0.9122145003047063},0.5733066946268082,0.5797019675374031,0.44688232615590096,0.41442374885082245,15.508062362670898,-6.419879913330078,18.571319580078125,4.468819618225098,0.0,15.608521461486816,1.0,1.0,1.0,1.0
-10.744972229003906,5.819940567016602,0.35716915130615234,15.213791847229004,-5.819940567016602,15.251352310180664,-0.29427051544189453,0.5999393463134766,-3.319967269897461,0.14661338925361633,0.1594039350748062,-0.10623534768819809,-0.1711525022983551,0.9268915962076071,{"closeness": 0.9268915962076071},0.5893397554755211,0.5159367062151432,0.4618200212717056,0.43708083778619766,15.213791847229004,-5.819940567016602,15.251352310180664,4.468819618225098,0.0,15.608521461486816,1.0,1.0,1.0,1.0
-9.628376007080078,6.68717098236084,2.1493215560913086,14.097195625305176,-6.68717098236084,13.459199905395508,-1.1165962219238281,-0.8672304153442383,-1.7921524047851562,0.17867951095104218,0.03187341243028641,-0.07635995745658875,-0.12583832442760468,0.9199349052838984,{"closeness": 0.9199349052838984},0.5923898369073868,0.5149370152503252,0.47870954871177673,0.46584684774279594,14.097195625305176,-6.68717098236084,13.459199905395508,4.468819618225098,0.0,15.608521461486816,1.0,1.0,1.0,1.0
-8.144063949584961,7.677018642425537,2.6812658309936523,12.612883567810059,-7.677018642425537,12.927255630493164,-1.4843120574951172,-0.9898476600646973,-0.5319442749023438,0.18477967381477356,0.029874030500650406,-0.04258090257644653,-0.06830630451440811,0.919519687008401,{"closeness": 0.919519687008401},0.589351236820221,0.5147448508068919,0.4826814401894808,0.48019606806337833,12.612883567810059,-7.677018642425537,12.927255630493164,4.468819618225098,0.0,15.608521461486816,1.0,1.0,1.0,1.0
-7.423851013183594,7.755435466766357,1.710397720336914,11.892670631408691,-7.755435466766357,13.898123741149902,-0.7202129364013672,-0.07841682434082031,0.9708681106567383,0.1787024736404419,0.029489701613783836,-0.03463711962103844,-0.03960786387324333,0.9261944066750699,{"closeness": 0.9261944066750699},0.5831932425498962,0.5149133261293173,0.48099152743816376,0.47386264987289906,11.892670631408691,-7.755435466766357,13.898123741149902,4.468819618225098,0.0,15.608521461486816,1.0,1.0,1.0,1.0
-7.4941301345825195,6.68812370300293,-0.4219045639038086,11.962949752807617,-6.68812370300293,16.030426025390625,0.07027912139892578,1.0673117637634277,2.1323022842407227,0.16638648509979248,0.029826652258634567,-0.038016945123672485,-0.05227470025420189,0.9358289540622973,{"closeness": 0.9358289540622973},0.5718787983059883,0.5158716961741447,0.46330178156495094,0.4611176922917366,11.962949752807617,-6.68812370300293,16.030426025390625,4.468819618225098,0.0,15.608521461486816,1.0,1.0,1.0,1.0
-6.704599380493164,4.831084728240967,-0.655827522277832,11.173418998718262,-4.831084728240967,16.26434898376465,-0.7895307540893555,1.857038974761963,0.23392295837402344,0.14375759661197662,0.03174339234828949,-0.07339643687009811,-0.0777646154165268,0.9456873115017985,{"closeness": 0.9456873115017985},0.5548679903149605,0.5151095120236278,0.460217397660017,0.47063919715583324,11.173418998718262,-4.831084728240967,16.26434898376465,4.468819618225098,0.0,15.608521461486816,1.0,1.0,1.0,1.0
-5.4884185791015625,4.035663604736328,0.9608488082885742,9.95723819732666,-4.035663604736328,14.647672653198242,-1.2161808013916016,0.7954211235046387,-1.6166763305664062,0.10973598062992096,0.030219024047255516,-0.07956520467996597,-0.05872160568833351,0.9527625377070471,{"closeness": 0.9527625377070471},0.550881702452898,0.5148261031135917,0.4748287610709667,0.47998712211847305,9.95723819732666,-4.035663604736328,14.647672653198242,4.468819618225098,0.0,15.608521461486816,1.0,1.0,1.0,1.0
-3.7664356231689453,4.506308555603027,1.6474227905273438,8.235255241394043,-4.506308555603027,13.961098670959473,-1.7219829559326172,-0.4706449508666992,-0.6865739822387695,0.10176340490579605,0.029652206227183342,-0.05034247785806656,-0.040025755763053894,0.9550231529042096,{"closeness": 0.9550231529042096},0.5442121438682079,0.5143629750236869,0.496056757401675,0.4965370553545654,8.235255241394043,-4.506308555603027,13.961098670959473,4.468819618225098,0.0,15.608521461486816,1.0,1.0,1.0,1.0
-0.9029126167297363,5.223082542419434,2.520099639892578,5.371732234954834,-5.223082542419434,13.088421821594238,-2.863523006439209,-0.7167739868164062,-0.8726768493652344,0.08842428773641586,0.02872595004737377,-0.007886485196650028,-0.006925889290869236,0.9607421439874891,{"closeness": 0.9607421439874891},0.5362362451851368,0.3628813177347183,0.5025901859626174,0.5404738821089268,5.371732234954834,-5.223082542419434,13.088421821594238,4.468819618225098,0.0,15.608521461486816,1.0,1.0,1.0,1.0
1.3992488384246826,5.481136798858643,1.1815338134765625,3.069570779800415,-5.481136798858643,14.426987648010254,-2.302161455154419,-0.258054256439209,1.3385658264160156,0.07247249037027359,-0.27423736453056335,0.005180371925234795,0.08094776421785355,0.9633813494450906,{"closeness": 0.9633813494450906},0.5204096809029579,0.5146038075909019,0.4963373525533825,0.5200890507549047,3.069570779800415,-5.481136798858643,14.426987648010254,4.468819618225098,0.0,15.608521461486816,1.0,1.0,1.0,1.0
2.852961540222168,4.759067058563232,-1.9501047134399414,1.6158581972122192,-4.759067058563232,17.558626174926758,-1.4537125825881958,0.7220697402954102,3.131638526916504,0.04081936180591583,0.029207615181803703,-0.007325294893234968,0.040178101509809494,0.9565709813129691,{"closeness": 0.9565709813129691},0.4988532980205491,0.5151034090667963,0.4919442720711231,0.501066597411409,1.6158581972122192,-4.759067058563232,17.558626174926758,4.468819737434387,0.0,15.608521461486816,1.0,1.0,1.0,1.0
